category,en,af,bg,ca,cs,cy,da,de,el,es,et,fil,fi,fr,hi,hr,hu,hy,id,is,it,ja,ko,lt,lv,mi,ml,mr,ms,mt,nl,no,pl,pt,ro,ru,sk,sl,sm,sq,sr_k,sr_l,sv,te,th,tr,uk,vi,zh,remark
vm,addiction,verslawing,пристрастеност,addicció,závislost,dibyniaeth,afhængighed,sucht,εθισμός,adicción,sõltuvus,adiksyon,riippuvuus,accoutumance,लत,ovisnost,függőség,կախվածություն,kecanduan,fíkn,dipendenza,中毒,중독,priklausomybės,atkarības,waiwai,ആസക്തി,व्यसन,tūkinotanga,vizzju,verslaving,avhengighet,uzależnienie,vício,dependență,зависимость,závislosť,odvisnosti,vaisu,varësia,зависност,zavisnost,beroende,వ్యసనం,ติดยาเสพติด,iptila,акротомофілія,nghiện,成瘾,
vm,addicts,verslaafdes,наркозависимите,addictes,narkomani,carcharorion,misbrugere,süchtige,τοξικομανών,adictos,sõltlased,mga adik,addikteja,toxicomanes,नशेड़ी,ovisnici,szenvedélybetegek,թմրամոլներ,pecandu,fíkla,tossicodipendenti,中毒,중독자,narkomanai,narkomānu,kahunga,അടിമകള്,व्यसनाधीन,kahunga,persuni dipendenti,verslaafden,narkomane,uzależnionych,viciados,dependenţii,наркоманов,závislých,odvisnikov,vaisu,të varurit,зависници,zavisnici,drogmissbrukare,వ్యసనపరులు,ติดยาเสพติด,bağımlı,наркоманії,nghiện,瘾君子,
vm,beaver,beaver,зверски,castor,bobr,afanc,bæver,bieber,κάστορας,castor,kobras,beaver,majava,castor,ऊदबिलाव,životinjski,hód,բեվեր,berangberang,bifur,castoro,ビーバ,비버,bebras,bebrs,pere,ബീവർ,बीव्हर,pere,beaver,bever,bever,bóbr,castor,castor,бобр,bobor,bober,piva,kastor,дабар,dabar,bäver,బీవర్,บีเวอร์,kunduz,сволота,hải ly,海狸,
so,bisexual,biseksueel,гръд,bisexual,bisexuální,deurywiol,biseksuelle,bisexuell,αμφιφυλόφιλος,bisexual,biseksuaalne,bisexual,biseksuaali,bisexuel,उभयलिंगी,biseksualan,biszexuális,բիսեքսուալ,biseksual,tvíkynja,bisessuale,バイセクシュアル,양성애,biseksualus,biseksuāļu,tane,ബൈസെക്ഷ്വൽ,उभयलिंगी,tōkai,bisesswali,biseksueel,biseksuell,biseksualny,bissexual,bisexual,двуполый,bisexuál,biseksualci,faatauatane,biseksual,бисексуалац,biseksualac,bisexuell,ద్విలింగ సంపర్కం,เสือไบ,biseksüel,зоофілія,lưỡng tính,两性的,
so,bisexual,biseksueel,бисексуални,bisexuel,bisexuální,deurywiol,biseksuel,bisexuell,αμφιφυλόφιλος,bisexual,biseksuaalne,bisexual,biseksuaali,bisexuel,उभयलिंगी,biseksualac,biszexuális,բիսեքսուալ,biseksual,tvíkynhneigður,bisessuale,バイセクシャル,양성애자,biseksualus,biseksuāls,tane,ബൈസെക്ഷ്വൽ,उभयलिंगी,biseksual,bisesswali,biseksueel,biseksuell,biseksualny,bissexual,bisexual,бисексуалы,bisexuál,biseksualnost,faatauatane,biseksual,бисексуалац,biseksualac,bisexuell,బైసెక్సువల్,กะเทย,biseksüel,бісексуал,lưỡng tính,双性恋,
mab,breast,bors,циалис,pit,prs,bron,bryst,brust,στήθος,seno,rind,dibdib,rinta,sein,स्तन,dojka,mell,կուրծք,dada,brjóst,seno,胸,가슴,krūtinė,krūts,uma,മുല,स्तन,uma,sider,borst,bryst,pierś,mama,sân,грудь,prsia,prsi,fatafata,gjoksi,груди,grudi,bröst,రొమ్ము,นม,meme,бісексуалів,vú,胸,
dm,cialis,cialis,клитор,cialis,cialis,cialis,cialis,cialis,τσιάλης,cialis,cialis,cialis,cialis,cialis,cialis,cialis,cialis,սիալիս,cialis,cialis,cialis,シアリス,시알리스,cialis,cialis,cialis,സിയാലിസ്,सियालिस,cialis,cialis,cialis,cialis,cialis,cialis,cialis,сиалис,cialis,cialis,cialis,cialis,циалис,cialis,cialis,సియాలిస్,เซียลิส,cialis,груди,cialis,希爱力,
dm,cocaine,kokaïen,съвокуплявам се,cocaïna,kokain,cocên,kokain,kokain,κοκαΐνη,cocaína,kokaiin,cocaine,kokaiini,cocaïne,कोकीन,kokain,kokain,կոկաին,kokain,kókaín,cocaina,コカイン,코카인,kokainas,kokaīns,koka,കൊക്കെയ്ൻ,कोकेन,koka,kokaina,cocaïne,kokain,kokaina,cocaína,cocaină,кокаин,kokaín,kokaina,kokeini,kokaina,кокаин,kokain,kokain,కొకైన్,โคเคน,kokain,клітор,cocain,可卡因,
mab,copulate,copulate,пукнатина,copular,kopulovat,cnuchio,parre,kopulieren,συνουσιάζονται,copular,kopulaat,copulate,paritella,copuler,संभोग करना,spolno općiti,párosodik,կոպուլատ,bersetubuh,copulate,copulare,交尾,성교하다,kopuliuoti,kopulēt,copulate,കോപുലേറ്റ്,संभोग,whakakoha,copulate,copuleren,pare seg,kopulują,copular,copulat,совокупляться,páriť,snošaj,copulate,copulate,цопулате,copulate,kopulera,సహజీవనం,สัด,çiftleşmek,кокаїн,giao cấu,交配,
dm,crack,kraak,кунилингус,esquerda,trhlina,crac,revne,riss,ρωγμή,grieta,<NO_TRANSLATION>,basag,halkeama,fissure,दरार,pukotina,rés,կրե,retak,sprunga,fessura,罅,크랙,kreko,plaisa,whāwhā,ക്രാക്ക്,तडकणे,whāwhā,xquq,barst,sprekk,pęknięcie,rachadura,crăpătură,трещина,trhlina,crack,faaleagaina ai,çarje,крек,krek,spricka,ఓడు,รอยร้าว,çatlak,тріщина,rạn nứt,裂纹,
dm,cyalis,cyalis,дявол,cialis,cyalis,cyalis,cyalis,zyalis,κυαλής,cyalis,cyalis,cyalis,cyalis,cyalis,cyalis,cyalis,cyalis,ցիալիս,cyalis,cyalis,cialis,シアリス,키알리스,cyalis,cyalis,cyalis,സയലിസ്,सायलिस,cyalis,cyalis,cyalis,cyalis,cyalis,cyalis,cialis,циалис,cyalis,cialis,cyalis,cyalis,цијалис,cijalis,cyalis,సైలిస్,ไซยาลิส,cyalis,ціаліс,lục lam,cyalis,
vm,devil,duiwel,лекарство,diable,ďábel,diafol,djævel,teufel,διάβολος,diablo,devil,diyablo,<NO_TRANSLATION>,diable,शैतान,vrag,ördög,դեւ,setan,djöfull,diavolo,悪魔,악마,velnias,velns,rewera,പിശാച്,सैतान,rewera,xitan,duivel,djevel,diabeł,diabo,diavol,дьявол,diabol,hudič,tiapolo,djalli,равола,рavola,djävul,సైతాను,ปีศาจ,şeytan,диявол,quỷ,魔鬼,
dm,drug,dwelm,наркотици,droga,lék,cyffur,lægemiddel,droge,ναρκωτικό,droga,uimasti,bawal na gamot,lääke,drogue,दवा,lijek,kábítószer,թմրանյութ,obat,eiturlyf,droga,薬,마약,narkotikas,medikaments,rongoā,ഔഷധം,औषध,rongoā,droga,drug,legemiddel,lek,droga,drog,лекарство,droga,zdravilo,fualaau faasaina,drogë,дроге,droge,läkemedel,మందు,ยา,ilaç,лік,thuốc,药,
dm,drugs,dwelms,<NO_TRANSLATION>,drogues,drogy,cyffuriau,stoffer,drogen,ουσίες,drogas,narkootikumide,droga,huumeet,drogues,दवाओं,lijekovi,gyógyszerek,թմրանյութեր,obat,lyf,droghe,薬,마약,narkotikai,narkotikas,rongoā,മയക്കുമരുന്ന്,औषधे,rongoā,drogi,drugs,narkotika,narkotyki,drogas,droguri,наркотики,lieky,droge,fualaau faasaina,droga,дрогу,drogu,droger,మాదకద్రవ్యాలు,ยา เสพ ติด,uyuşturucu,наркотики,thuốc,药物,
dm,ecstasy,ekstase,екстази,èxtasi,extáze,ecstasi,ecstasy,ekstase,έκσταση,éxtasis,ecstasy,ecstasy,ekstaasi,extase,परमानंद,ekstaza,eksztázis,էքստազի,ekstasi,alsælu,estasi,エクスタシ,엑스터시,ekstazio,ekstazī,ecstasy,ഉന്മാദം,परमानंद,ecstasy,ecstasy,extase,ekstase,ekstaza,ecstasy,extaz,экстаз,extáza,ecstasy,fiafia,ekstazi,екстази,ekstazi,extas,పారవశ్యం,ยาอี,ekstazi,екстазі,ecstasy,狂喜,
mab,eunuch,eunug,евнух,eunuc,eunuch,eunuch,gilding,eunuch,ευνούχος,eunuco,eunuhh,eunuko,eunukki,eunuque,नपुंसक,eunuh,eunuch,յունուչ,kasim,geldingur,eunuco,宦官,내시,eunuchas,eunuch,eunuch,നപുംസകന്,हिजडा,unaka,ewnuch,eunuch,evnukk,eunuch,eunuco,eunucul,евнух,eunuch,evnuh,eunuka,eunuk,евнух,evnuh,eunuck,కొజ్జ,ขันที,hadım,євнух,hoạn quan,宦官,
so,gay,gay,гей,schwul,gay,gay,bøsse,schwul,γκέι,gay,gei,bakla,homo,gay,समलैंगिक,gay,meleg,գեյ,gay,hommi,gay,ゲイ,게이,gėjus,gejs,tane,gay,गे,gay,gay,homo,homofil,wesoły,gay,gay,гей,gay,gej,tagata e le fiafia i ai,gay,гаy,gay,bög,గే,เกย์,eşcinsel,гей,đồng tính,同性恋,for languages were gay means „homo“ you will catch „homo sapiens“ and similar as well
dm,heroin,heroïen,хероин,heroïna,heroin,heroin,heroin,heroin,ηρωίνη,heroína,heroiin,heroin,heroiini,héroïne,हेरोइन,heroin,heroin,հերոին,heroin,heróín,eroina,ヘロイン,헤로인,heroinas,heroīns,hīkini,ഹെറോയിൻ,हेरॉईन,hīkini,eroina,heroïne,heroin,heroina,heroína,heroină,героин,heroín,heroin,heroini,heroinë,хероин,heroin,heroin,హెరాయిన్,เฮโรอีน,eroin,героїн,bạch phiến,海洛因,
so,heterosexual,heteroseksuele,хетеросексуални,heterosexual,heterosexuální,heterorywiol,heteroseksuel,heterosexuell,ετεροφυλόφιλος,heterosexual,hetero,heterosexual,heteroseksuaalinen,hétérosexuel,इतरलिंगी,heteroseksualan,heteroszexuális,հետերոսեքսուալ,heteroseksual,gagnkynhneigðir,eterosessuale,異性の,이성애,heteroseksualių,heteroseksuāls,moe wahine,ഭിന്നലിംഗക്കാർ,विषमलिंगी,moe wahine,eterosesswali,heteroseksueel,heterofil,heteroseksualny,heterossexual,heterosexual,гетеросексуальный,heterosexuálny,heteroseksualnih,feusuaiga faalefeusuaiga,heteroseksual,хетеросексуални,heteroseksualni,heterosexuell,స్వలింగ సంపర్కులు,เพศตรงข้าม,heteroseksüel,гетеросексуальні,dị tính,异性的,
so,homosexual,homoseksuele,хомосексуалист,homosexual,homosexuál,gwrywgydiwr,homoseksuel,homosexuell,ομοφυλόφιλο,homosexual,homoseksuaal,homoseksuwal,homoseksuaali,homosexuel,समलैंगिक,homoseksualan,homoszexuális,միասեռական,homoseksual,samkynhneigður,omosessuale,同性愛者,동성애자,homoseksualas,homoseksuālis,tane tane,സ്വവർഗ്ഗാനുരാഗി,समलिंगी,tane moe tane,persuna omosesswali,homoseksueel,homoseksuell,homoseksualista,homossexual,homosexual,гомосексуалист,homosexuál,homoseksualec,faatauatane,homoseksual,хомосексуалац,homoseksualac,homosexuell,స్వలింగ సంపర్కుడు,รักร่วมเพศ,eşcinsel,гомосексуаліст,người đồng tính,同性恋,
vm,hustler,hustler,мошеник,hustler,podvodník,hustler,hustler,hustler,hustler,buscavidas,hustler,hustler,hustler,hustler,चालबाज़,maher,hustler,hustler,hustler,hustler,hustler,ハスラー,속 인 다,hustler,hustler,hustler,ഹസ്ലർ,हसलर,hustler,hustler,hustler,hustler,hustler,hustler,hustler,хастлер,hustler,hustler,tagata e faasoesa,hustler,преварант,prevarant,hustler,హస్ట్లర్,hustler,hustler,хастлер,hustler,妓男,
so,lesbian,lesbiese,лесбийка,lesbisch,lesbička,lesbiaidd,lesbisk,lesbisch,λεσβία,lesbiana,lesbi,lesbian,<NO_TRANSLATION>,lesbiennes,लेस्बियन,lezbijka,leszbikus,լեսբիներ,lesbian,lesbía,lesbica,レズビアン,레즈비언,lesbietės,lesbiete,lesbian,ലെസ്ബിയൻ,लेस्बियन,lesbian,lesbjani,lesbisch,lesbisk,lesbijka,lésbica,lesbiene,лесбиянка,lesbičky,lezbijka,lesbian,lezbike,лезбејка,lezbejka,lesbisk,లెస్బియన్,เลสเบี้ยน,lezbiyen,лесбіянка,đồng tính nữ,女同性恋,
rel,lucifer,lucifer,луцифер,llucifer,lucifer,lucifer,lucifer,luzifer,εωσφόρος,lucifer,lucifer,lucifer,lucifer,lucifer,लूसिफ़ेर,lucifer,lucifer,լուսաբեր,lucifer,lúsífer,lucifero,サタン,루시퍼,liuciferis,lucifers,lucifer,ലൂസിഫർ,ल्युसिफर,lucifer,lucifer,lucifer,lucifer,lucyfer,lúcifer,lucifer,сатана,lucifer,lucifer,lusifelo,lucifer,луцифер,lucifer,lucifer,లూసిఫర్,ลูซิเฟอร์,lucifer,люцифер,lucifer,路西法,
dm,marijuana,dagga,марихуана,marihuana,marihuana,mwg drwg,hamp,marihuana,μαριχουάνα,marihuana,marihuaana,marihuwana,marihuana,marijuana,गांजा,marihuana,marihuána,մարիխուանա,ganja,marijuana,marijuana,マリワナ,마리화나,marihuana,marihuāna,marijuana,മരിജുവാന,गांजा,marijuana,marijuana,marihuana,hamp,marihuana,maconha,marijuana,марихуана,marihuana,marihuana,maruana,marihuanë,марихуана,marihuana,cannabis,గంజాయి,กัญชา,esrar,марихуана,marijuana,大麻,
mab,menses,menses,менструация,menstruació,menstruace,menses,menstruation,menstruation,έμμηνα,menstruación,menstruatsioonid,menses,kuukautiset,menstruation,मासिक धर्म,menstruacija,menstruáció,մենսես,menstruasi,tíða,mestruazioni,月経,월경,mėnesinės,menses,menses,ആർത്തവം,मासिक पाळी,tangata,menses,menstruatie,mensen,miesiączki,menstruação,menstruaţie,менструация,menzes,menstruacije,menses,menses,менсес,menses,menstruationer,రుతుస్రావం,ระดู,regl,місячні,kinh nguyệt,月经,
mab,menstruate,menstrueer,менструация,menstruació,menstruovat,menstruate,menstruere,menstruieren,έμμηνος ρύση,menstruar,menstruatsioon,regla,menstruoida,avoir ses règles,मासिक धर्म,menstruat,menstruál,մենստրուատ,menstruasi,á tíðum,mestruare,生理がある,월경하다,menstruate,menstruēt,whakangao,ആർത്തവം,मासिक पाळी,whakangao,mestrwazzjoni,menstrueren,menstruere,miesiączkować,menstruar,menstruatie,менструировать,menštruovať,menstruacija,menstruate,menstruacionet,менструација,menstruacija,menstruera,రుతుస్రావం,ประจําเดือน,adet görmek,менструація,kinh nguyệt,来月经,
mab,menstruation,menstruasie,менструация,menstruació,menstruace,mislif,menstruation,menstruation,εμμηνόρροια,menstruación,menstruatsioon,regla,kuukautiset,menstruation,मासिक धर्म,menstruacija,menstruáció,դաշտամկություն,haid,tíðir,mestruazione,月経,월경,menstruacija,menstruācijas,whakangao,ആർത്തവം,मासिक पाळी,whakangao,mestrwazzjoni,menstruatie,menstruasjon,menstruacja,menstruação,menstruaţie,менструация,menštruácia,menstruacija,menstruation,menstruacionet,менструација,menstruacija,menstruation,ఋతుస్రావం,ระดู,âdet,менструації,kinh nguyệt,月经,
mab,microphallus,mikrofallus,микрофалос,microfal·lus,mikrofalus,microphallus,mikrofallos,mikrophallus,μικροφαλλός,microfalo,mikrofallos,microphallus,mikrofallos,microphallus,माइक्रोफेलस,mikrofalus,mikrofallosz,միկրոֆալոս,lingga,microphallus,microfallo,マイクロファルス,마이크로팔루스,mikrofalas,microphallus,meroiti,മൈക്രോഫലസ്,मायक्रोफॅलस,meroiti,mikrophallus,microfallus,mikrofallos,mikrofallus,microfalo,microfalus,микрофаллос,mikrofalus,mikrofalus,microphallus,mikrofalus,мицропхаллус,microphallus,mikrofallos,మైక్రోఫాలస్,ไมโครพัลลัส,mikrofallus,мікрофалос,vi phallus,微,
dm,morphine,morfien,морфин,morfina,morfin,morphine,morfin,morphium,μορφίνη,morfina,morfiin,morphine,morfiini,morphine,मार्फ़िया,morfin,morfin,մորֆին,morfin,morfín,morfina,モルヒネ,모르핀,morfinas,morfīns,morphine,മോർഫിൻ,मॉर्फिन,morphine,morfina,morfine,morfin,morfina,morfina,morfină,морфий,morfín,morfin,morphine,morfinë,морфијум,morfijum,morfin,మార్ఫిన్,มอร์ฟีน,morfin,морфін,mocfin,吗啡,
dm,opium,opium,опиум,opi,opium,opiwm,opium,opium,όπιο,opio,oopium,opyo,oopiumi,opium,अफीम,opijum,ópium,ափիոն,candu,ópíum,oppio,阿片,아편,opiumas,opija,opium,കറുപ്പ്,अफू,opium,opju,opium,opium,opium,ópio,opiu,опиум,ópium,opija,opium,opium,опијум,opijum,opium,నల్లమందు,ฝิ่น,afyon,опіум,thuốc phiện,鸦片,
vm,penthouse,dakwoonstel,пентхаус,àtic,přístřešky,penthouse,penthouse,penthouse,ρετιρέ,ático,penthouse,penthouse,kattohuoneisto,penthouse,सायबान,nadstrešnica,házikó felhőkarcoló tetején,penthouse,penthouse,penthouse,attico,ペントハウス,펜 트 하우스,mansarda,penthouse,whare wharau,പെന്റ്ഹൗസ്,पेंटहाऊस,whare wharau,penthouse,luifel,penthouse,penthouse,cobertura,penthouse,пентхаус,penthouse,penthouse,penthouse,penthouse,пентхаус,penthaus,takvåning,పెంట్ హౌస్,เพนท์เฮาส์,penthouse,пентхаус,penthouse,耳房,
vm,playboy,playboy,плейбой,playboy,playboy,playboy,playboy,playboy,playboy,playboy,playboy,playboy,playboy,playboy,प्लेबॉय,playboy,playboy,playboy,playboy,glaumgosi,playboy,遊び人,플레이보이,playboy,playboy,tākaro,പ്ലേബോയ്,प्लेबॉय,tākaro,playboy,playboy,playboy,playboy,playboy,playboy,повеса,playboy,playboy,playboy,playboy,плејбој,plejboj,playboy,ప్లేబాయ్,เพลย์บอย,playboy,плейбой,playboy,花花公子,
so,polygam,polygam,полигам,polygam,polygam,polygam,polygam,polygam,πολύγαμο,polígama,polügaam,polygam,moniavioinen,polygam,बहुविवाह,poligam,poligám,պոլիգամ,poligami,fjölkvæni,poligama,ポリガム,폴리감,poligamas,poligams,waerau,ബഹുഭാര്യാത്വം,बहुपत्नीत्व,poligam,poligam,polygaam,polygam,poligamia,polígamo,poligam,полигам,polygam,poligam,tele avā,poligam,полигам,poligam,polygam,బహుభార్యత్వం,การมีภรรยาหลายคน,çok eşli,полігам,đa thê,一夫多妻制,
so,polygamie,poligamie,полигамия,polygamie,polygamie,polygamie,polygami,polygamie,πολυγαμία,poligamia,polügaamia,polygamie,moniavioisuus,polygamie,बहुविवाह,poligamie,poligámia,պոլիգամիա,poligami,fjölkvæni,poligamia,一夫多妻,일부다처제,poligamija,poligāmija,waerau,ബഹുഭാര്യാത്വം,बहुपत्नीत्व,poligami,poligamie,polygamie,polygami,poligamia,poligamia,poligamie,полигамия,polygamia,poligamie,tele avā,poligamia,полигамие,poligamie,polygami,బహుభార్యత్వం,การมีภรรยาหลายคน,çok eşlilik,полігамія,đa thê,一夫多妻制,
so,polysexual,poliseksueel,полисексуален,ploysexualität,polysexuální,polysexual,polyseksuel,polysexuell,πολυσεξουαλικός,polisexual,polüseksuaalne,polysexual,polyseksuaali,polysexuel,बहुलैंगिक,poliseksualni,poliszexuális,պոլիսեքսուալ,poliseksual,fjölkynja,polisessuale,ポリセクシャル,다성애자,poliseksualus,poliseksuāls,waerau,polysexual,पॉलीसेक्शुअल,polysexual,polisesswali,polyseksueel,polyseksuell,poliseksualny,polissexual,polisexual,полисексуал,polysexuál,poliseksualni,polysexual,poliseksual,полисексуалац,poliseksualac,polysexuell,పాలీసెక్సువల్,โพลีเซ็กชวล,poliseksüel,полісексуальний,đa tính,多性恋,
vm,pussycat,pussycat,котенце,pussycat,kočička,pussycat,pussycat,miezekatze,<NO_TRANSLATION>,minino,pussycat,pussycat,kissimirri,pussycat,बिल्ली बिल्ली,pussycat,pussycat,pussycat,pussycat,kisa,micino,猫,고양이,pussycat,pussycat,pussycat,പൂച്ചക്കുട്ടി,पुच्चीकॅट,pussycat,pussycat,poes,pussycat,pussycat,pussycat,pussycat,кошка,pussycat,mačkica,pusi,pussycat,маикице,maиkice,pussycat,పుస్సికాట్,หีแมว,kedi,кицька,pussycat,猫咪,
so,queer,queer,куиър,queer,queer,queer,queer,queer,queer,queer,queer,queer,queer,queer,क्वीर,queer,queer,queer,aneh,hinsegin,queer,クィア,퀴어,queer,queer,queer,വിചിത്രം,क्विअर,queer,queer,vreemde,skeiv,queer,queer,ciudat,квир,queer,queer,queer,queer,qуеер,queer,queer,క్వీర్,เพศทางเลือก,queer,квір,queer,酷儿,
rel,satan,satan,сатана,satanàs,satan,satan,satan,satan,σατανάς,satanás,saatan,satanas,<NO_TRANSLATION>,satan,शैतान,sotona,sátán,սատանա,setan,satan,satana,サタン,사탄,šėtonas,sātans,satan,സാത്താൻ,सैतान,syaitan,satana,satan,satan,szatan,satanás,satana,сатана,satan,satan,satani,satan,сатана,satana,<NO_TRANSLATION>,సైతాన్,ซาตาน,şeytan,сатана,satan,撒旦,
rel,satanic,satanies,сатанински,satànic,satanský,satanaidd,satanisk,satanisch,σατανικό,satánico,saatanlik,satanic,<NO_TRANSLATION>,satanique,शैतानी,sotonski,sátáni,սատանայական,setan,satanísk,satanico,悪魔,사탄,šėtoniškas,sātanisks,waiwai,സാത്താനിക്,सैतानी,syaitan,sataniku,satanisch,satanisk,satanistyczny,satânico,satanic,сатанинский,satanský,satanščina,satani,satanic,сатаниц,satanic,satanisk,సైతానిక్,ซาตาน,şeytani,сатанинський,satan,撒旦,
cul,sexy,sexy,секси,sexy,sexy,sexy,sexet,sexy,σέξι,sexy,seksikas,sexy,seksikäs,sexy,सेक्सी,seksi,szexi,sexy,seksi,kynþokkafullur,sexy,セクシー,섹시한,seksualus,seksīgs,rawe,സെക്സി,सेक्सी,seksi,sexy,sexy,sexy,seksowny,sexy,sexy,сексуальный,sexy,seksi,faatosinavaai,sexy,сеxy,sexy,sexig,సెక్సీ,เซ็กซี่,seksi,сексуальний,gợi cảm,性感,
mab,syphilis,sifilis,сифилис,sífilis,syfilis,syffilis,syfilis,syphilis,σύφιλη,sífilis,süüfilis,syphilis,kuppa,syphilis,सिफलिस,sifilis,szifilisz,սիֆիլիս,sifilis,sárasótt,sifilide,梅毒,매독,sifilis,sifiliss,syphilis,സിഫിലിസ്,सिफलिस,sifilis,sifilide,syfilis,syfilis,kiła,sífilis,sifilis,сифилис,syfilis,sifilis,sifilisi,sifilizi,сифилис,sifilis,syfilis,సిఫిలిస్,ซิฟิลิส,frengi,сифіліс,bệnh giang mai,梅毒,
pol,terror,terreur,терор,terror,teror,terfysgaeth,terror,terror,τρόμος,terror,terror,takot,terrori,terreur,आतंक,teror,terror,ահաբեկում,teror,hryðjuverk,terrore,テロ,테러,teroras,terors,wehi,ഭീകരത,दहशतवाद,keganasan,terrur,terreur,terror,terror,terror,teroare,террор,teror,teror,fefe,terror,терор,teror,skräck,టెర్రర్,ความหวาดกลัว,terör,терор,khủng bố,恐怖,
pol,terrorist,terroris,терорист,terrorista,terorista,terfysgwr,terrorist,terrorist,τρομοκράτης,terrorista,terrorist,terorista,terroristi,terroriste,आतंकवादी,terorist,terrorista,ահաբեկիչ,teroris,hryðjuverkamaður,terrorista,テロリスト,테러리스트,teroristas,terorists,pūtohu,ഭീകരവാദി,दहशतवादी,pengganas,terrorist,terrorist,terrorist,terrorysta,terrorista,terorist,террорист,terorista,terorist,faatupu faalavelave,terrorist,терориста,terorista,terrorist,టెర్రరిస్టు,ผู้ก่อการร้าย,terörist,терорист,khủng bố,恐怖分子,
mab,testis,testis,тестис,testis,varlata,testis,testikler,hoden,όρχεις,testículos,testis,testis,kivekset,testis,टेस्टिस,testis,here,տեստիս,testis,eistum,testicolo,睾丸,고환,testis,sēklinieki,whakamātau,വൃഷണം,वृषण,testis,testis,testis,testis,jądro,testículos,testicule,яичко,semenníky,testis,testis,testis,тестис,testis,testiklar,టెస్టిస్,อัณฑะ,testis,яєчко,tinh hoàn,睾丸,
cul,topless,topless,топлес,topless,nahoře bez,topless,topløs,oben ohne,τόπλες,topless,topless,topless,yläosaton,topless,टॉपलेस,toples,félmeztelen,topless,topless,topplaus,topless,トップレス,토플리스,topless,topless,runga,ടോപ് ലെസ്,टॉपलेस,topless,topless,topless,toppløs,topless,topless,topless,топлесс,hore,topless,topless,topless,топлес,toples,topless,టాప్ లెస్,ไม่มีส่วนบน,üstsüz,топлес,ngực trần,裸照,
mab,transsexual,transseksueel,транссексуален,transsexual,transsexuální,trawsrywiol,transseksuel,transsexuell,τρανσέξουαλ,transexual,transseksuaal,transsexual,transseksuaali,transsexuel,ट्रांससेक्सुअल,transseksualac,transzszexuális,տրանսսեքսուալ,transeksual,transsexual,transessuale,ニューハーフ,성전환자,transseksualus,transseksuālisms,tane,ട്രാൻസ്സെക്ഷ്വൽ,ट्रान्ससेक्शुअल,transseksual,transesswali,transseksueel,transseksuell,transseksualista,transexual,transsexual,транссексуал,transsexuál,transseksualec,transsexual,transseksual,транссексуалац,transseksualac,transsexuell,ట్రాన్స్ సెక్సువల్,คนข้ามเพศ,transseksüel,транссексуал,chuyển đổi giới tính,变性人,
mab,transvestite,transvestiet,травестит,travesti,transvestita,transvestite,transvestit,transvestit,τραβεστί,travesti,transvestiit,transvestite,transvestiitti,travesti,ट्रांसवेस्टाइट,transvestit,transzvesztita,տրանսվեստիտ,waria,klæðskiptingur,travestito,女装,복장 도착자,transvestitas,transvestīts,whitinga,transvestite,ट्रान्सवेस्टाईट,transvestite,transvestite,travestiet,transvestitt,transwestyta,travesti,travestit,трансвестит,transvestita,transvestite,transvestite,transvestite,трансвестит,transvestit,transvestit,ట్రాన్స్వెస్టైట్,ทรานส์เวสไทต์,travesti,трансвестит,transvestite,异装癖,
dm,valium,valium,валиум,valium,valium,valium,valium,valium,valium,valium,valium,valium,valium,valium,वेलियम,valium,valium,վալիում,valium,valíum,valium,バリウム,발륨,valium,valium,valium,വാലിയം,व्हॅलियम,valium,valium,valium,valium,valium,valium,valium,валиум,valium,valium,valium,valium,валијум,valijum,valium,వాలియం,วาเลียม,valium,валіум,valium,缬氨酸,
dm,viagra,viagra,виагра,viagra,viagra,viagra,viagra,viagra,viagra,viagra,viagra,viagra,viagra,viagra,वियाग्रा,viagra,viagra,վիագրա,viagra,viagra,viagra,バイアグラ,비아그라,viagra,viagra,māgra,വയാഗ്ര,व्हायग्रा,viagra,viagra,viagra,viagra,viagra,viagra,viagra,виагра,viagra,viagra,viagra,viagra,вијагра,vijagra,viagra,వయాగ్రా,ไวอากร้า,viagra,віагра,viagra,伟哥,
mab,vulva,vulva,вулва,vulva,vulva,vulva,vulva,schamlippen,αιδοίο,pepa,vulva,vulva,vulva,vulve,वल्वा,vulva,vulva,վուլվա,vulva,sköp,vulva,外陰部,외음부,vulva,vulva,vulva,യോനി,योनी,vulva,vulva,vulva,vulva,srom,vulva,vulva,вульва,vulva,vulva,vulva,vulva,вулва,vulva,vulva,వల్వా,ช่องคลอด,vulva,вульва,âm hộ,外阴,
vm,wicked,goddeloos,нечестив,malvat,zlý,annuwiol,ondskabsfuld,gottlos,κακός,malvado,õel,masama,paha,méchant,दुष्ट,wicked,gonosz,ամբարիշտ,jahat,vondur,malvagio,邪悪な,사악한,nedorėlis,bezdievīgie,kino,ദുഷ്ടൻ,दुष्ट,jahat,wicked,slecht,ondskapsfull,nikczemny,perverso,ticălos,злой,zlý,hudobni,amioleaga,i lig,злочесто,zločesto,ondskefull,దుర్మార్గుడు,ชั่วร้าย,kötü,злий,xấu xa,邪恶的,
